,0
0,岡山ひるぜん 口コミ 岡山県蒜山高原でペットと泊まれる宿
1,海まで0分の宿 口コミ ペットも泊まれる海岸通り 静岡県牧之原市でペットと泊まれる宿
2,ストーンハウスINNキャメリオ 口コミ 熊本県阿蘇にあるペットと泊まれる宿
3,志摩地中海村 口コミ 三重県英虞湾でペットと泊まれる宿
4,ヴィラ勝山 口コミ 千葉県南房総でペットと泊まれる宿
5,川棚グランドホテルお多福 口コミ 山口県下関でペットと泊まれる宿
6,ペンション ラーラ 口コミ 福島県裏磐梯高原でペットと泊まれる宿
7,釣宿場 長者屋敷 口コミ 山形県南陽市でペットと泊まれる宿
8,竹田城 城下町 ホテルEN 口コミ 兵庫県竹田城跡でペットと泊まれる宿
9,神戸北の坂ホテル 口コミ 兵庫県神戸市北野でペットと泊まれる宿
10,倉敷庭園旅館　備後屋 口コミ 岡山県玉島港でペットと泊まれる宿
11,ペンションハウディ 口コミ 熊本県阿蘇でペットと泊まれる宿
12,湯の川温泉 松園 口コミ 島根県出雲でペットと泊まれる宿
13,ザ・シープ 口コミ 滋賀県びわ湖でペットと泊まれる宿
14,月山ポレポレファーム 口コミ 山形県弓張平公園でペットと泊まれる宿
15,里のやど川尻 口コミ 京都府天橋立でペットと泊まれる宿
16,民宿しらね荘 口コミ 静岡県伊豆でペットと泊まれる宿
17,斎藤ホテル 口コミ 長野県鹿教湯温泉でペットと泊まれる宿
18,ペンション　サンデッキ 口コミ 千葉県南房総鴨川でペットと泊まれる宿
19,温泉旅館源兵衛 口コミ 宮城県遠刈田温泉でペットと泊まれる宿
20,貸別荘ふなざし 口コミ 熊本県南阿蘇村でペットと泊まれる宿
21,あてま高原リゾート ベルナティオ 口コミ 新潟県信濃川でペットと泊まれる宿
22,シェラトン・グランデ・トーキョーベイ・ホテル 口コミ 千葉県浦安市でペットと泊まれる宿
23,三朝温泉斉木別館 口コミ 鳥取県三朝町でペットと泊まれる宿
24,おごと温泉　暖灯館きくのや 口コミ 滋賀県琵琶湖でペットと泊まれる宿
25,佐渡シーサイドヴィラ 口コミ 新潟県佐渡島でペットと泊まれる宿
26,山光園 口コミ 大分県九重町でペットと泊まれる宿
27,妖精の森コテージラウル 口コミ 秋田県森吉山高原でペットと泊まれる宿
28,「ドッグレストプレイス」 口コミ 神奈川県箱根でペットと泊まれる宿
29,京都 西陣北はぎ 口コミ 京都府上七軒でペットと泊まれる宿
30,信州愛和の森ホテル 口コミ 長野県中央アルプス経ヶ岳でペットと泊まれる宿
31,グリーンベル黒姫高原 口コミ 長野県黒姫山でペットと泊まれる宿
32,ペンションビッグフォレスト 口コミ 長野県木島平村でペットと泊まれる宿
33,プチホテル エリーゼ 口コミ 熊本県阿蘇でペットと泊まれる宿
34,石打M・S館 口コミ 新潟県南魚沼市でペットと泊まれる宿
35,海辺の名物 蟹宿 えくぼ 口コミ 広島県瀬戸内海でペットと泊まれる宿
36,宿屋 きよみ荘 口コミ 滋賀県琵琶湖でペットと泊まれる宿
37,浜名湖ペロはまなこ 口コミ 静岡県湖西市でペットと泊まれる宿
38,星野リゾート磐梯山温泉ホテル 口コミ 会津磐梯でペットと泊まれる宿
39,山の里ファームイン市原 口コミ 千葉県大多喜町でペットと泊まれる宿
40,国民宿舎大谷荘 口コミ 徳島県岡崎海岸でペットと泊まれる宿
41,リソルの森 口コミ 千葉県長柄町でペットと泊まれる宿
42,田沢プラトーホテル 口コミ 秋田県田沢湖高原でペットと泊まれる宿
43,大弥旅館 口コミ 京都府下京区でペットと泊まれる宿
44,貸別荘宝泉寺Ａ 口コミ 大分県九重連山でペットと泊まれる宿
45,和み舎せせらぎ 口コミ 岐阜県長良川でペットと泊まれる宿
46,おきな旅館 口コミ 福島県飯坂町でペットと泊まれる宿
47,京囲炉裏宿 染 SEN 七条花畑 口コミ 京都府祇園でペットと泊まれる宿
48,モン・セルヴァン 口コミ 新潟県妙高高原でペットと泊まれる宿
49,ロマンツェ 口コミ 岡山県和気町三保高原でペットと泊まれる宿
50,京囲炉裏宿 染 SEN 五条一貫町 口コミ 京都府祇園でペットと泊まれる宿
51,ペンション海岸物語 口コミ 長野県北白樺高原でペットと泊まれる宿
52,愛・カーニ 口コミ 長野県木島平でペットと泊まれる宿
53,ペンションわん 口コミ 新潟県妙高高原でペットと泊まれる宿
54,若狭マリンプラザ 口コミ 福井県小浜市でペットと泊まれる宿
55,淡路じゃのひれ　コテージ 口コミ 兵庫県淡路島でペットと泊まれる宿
56,大和屋本店 口コミ 大阪府道頓堀でペットと泊まれる宿
57,山荘　琴の滝荘 口コミ  和歌山県広瀬渓谷でペットと泊まれる宿
58,料理旅館夕日ヶ浦 口コミ 京都府夕日ヶ浦海岸でペットと泊まれる宿
59,料理旅館掬水 口コミ 岐阜県養老の滝でペットと泊まれる宿
60,旅館水の 口コミ 徳島県小鳴門海峡でペットと泊まれる宿
61,篠島渚の宿南風 口コミ 愛知県篠島でペットと泊まれる宿
62,我道庵 口コミ 福岡県秋月でペットと泊まれる宿
63,星みる舎 口コミ 群馬県みなかみ町でペットと泊まれる宿
64,ダーチャベリオスカ 口コミ 長野県長和町でペットと泊まれる宿
65,シェーネ 口コミ 新潟県妙高市でペットと泊まれる宿
66,六呂師高原温泉キャンプグランド 口コミ 福井県勝山市でペットと泊まれる宿
67,徳田屋旅館 口コミ 岩手県遠野市でペットと泊まれる宿
68,ロッヂたちばな 口コミ 岩手県雫石町でペットと泊まれる宿
69,ロッヂ B&W 口コミ 新潟県南魚沼市でペットと泊まれる宿
70,ログペンション富夢想野（トムソーヤ）　口コミ
71,LDGEクラブマン 口コミ 岩手県八幡平でペットと泊まれる宿
72,貸別荘飯田T 口コミ 大分県九重でペットと泊まれる宿
73,民宿喜楽 口コミ 愛知県日間賀島でペットと泊まれる宿
74,ペンション愛・カーニ 口コミ 長野県北信州でペットと泊まれる宿
75,石井ペンション 口コミ 山形県蔵王坊平高原でペットと泊まれる宿
76,西の谷宿藏 口コミ 千葉県南房総でペットと泊まれる宿
77,ヒルサイドインセンタークラブ 口コミ 新潟県南魚沼市でペットと泊まれる宿
78,北条水軍ユースホステル 口コミ 愛媛県松山市でペットでと泊まれる宿
79,きつつき工房 口コミ 岡山県後山でペットと泊まれる宿
80,民宿秋川屋 口コミ 神奈川県相模湖でペットと泊まれる宿
81,民宿風生里 口コミ 岐阜県奥美濃でペットと泊まれる宿
82,せいないじ土佐屋 口コミ 長野県南信州にあるペットと泊まれる宿
83,貸し別荘Ｏｒｋ（オーク）ひるがの 口コミ 岐阜県郡上市でペットと泊まれる宿
84,川辺のコテージ 口コミ 高知県四万十川でペットと泊まれる宿
85,ペンション白樺倶楽部 口コミ 長野県信州白樺高原でペットと泊まれる宿
86,ペンション見鳥 口コミ 福島県猪苗代でペットと泊まれる宿
87,愛犬と一緒に宿泊することができる宿【コテージワン広島店】 口コミ　 広島県宮島でペットと泊まれる宿
88,白浜天然温泉＆ドッグラン付貸別荘 口コミ 和歌山県白浜町でペットと泊まれる宿
89,ペンション琵琶湖 口コミ 滋賀県高島市でペットと泊まれる宿
90,洋風民宿ひつじの詩 口コミ 北海道上富良野でペットと泊まれる宿
91,遊びと寛ぎの宿×海風のDining Bar ヤーグナーの空 口コミ 沖縄県嘉手納町でペットと泊まれる宿
92,おもちゃばこ 口コミ 山形県米沢市でペットと泊まれる宿
93,ペンションはんもっく 口コミ 岐阜県飛騨御岳でペットと泊まれる宿
94,ペンション童夢（ど～む） 口コミ 長野県木島平村でペットと泊まれる宿
95,プチペンション アルファ 口コミ 長野県青木湖でペットと泊まれる宿
96,ペンション＆カレーマリンスノー 長野県八ヶ岳でペットと泊まれる宿
97,ペンションのだポパイ 福島県裏磐梯高原でペットと泊まれる宿
98,ビジネス旅館川添支店 宮城県松島でペットと泊まれる宿
99,モリソラの家 岐阜県ひるがの高原でペットと泊まれる宿
100,わん宿うの浜館 新潟県鵜の浜海岸でペットと泊まれる宿
101,えびす大観 島根県弓ヶ浜海岸でペットと泊まれる宿
102,ペットと泊まれる屋島の宿 桃太郎 香川県瀬戸内海国立公園
103,フレンドハウス ひるがの 岐阜県郡上市でペットと泊まれる宿
104,ペンションZOO 兵庫県淡路島でペットと泊まれる宿
105,優鶴 静岡県伊豆にあるペットと泊まれる宿
106,ペンションスノーバード 長野県白樺高原でペットと泊まれる宿
107,城ヶ崎川上ペンション 静岡県伊東市富戸港でペットと泊まれる宿
108,Kafuna（カフナ） 福井県三国港駅でペットと泊まれる宿
109,玉響の風 静岡県伊豆高原でペットと泊まれる宿
110,古奈別荘 静岡県伊豆長岡でペットと泊まれる宿
111,野沢温泉笹屋 長野県野沢温泉村でペットと泊まれる宿
112,ホテル十和田荘 青森県十和田湖でペットと泊まれる宿
113,ペンションポエティカル 長野県乗鞍高原でペットと泊まれる宿
114,コトマルわんship 千葉県房総にあるペットと泊まれる宿
115,ペンション マイルポスト 新潟県妙高高原でペットと泊まれる宿
116,マウンテンドーム 香川県綾歌でペットと泊まれる宿
117,ペンション ミルキーウェイ 鳥取県大山でペットと泊まれる宿
118,温泉旅館 スミレ館 福島県いわき湯本温泉でペットと泊まれる宿
119,ペンション夕凪 石川県能登半島でペットと泊まれる宿
120,ペンションヘルシーウィング 千葉県犬吠埼君ヶ浜海岸でペットと泊まれる宿
121,ペンションベルバード 熊本県阿蘇市でペットと泊まれる宿
122,ペンションコスモスの館 鳥取県佐治町でペットと泊まれる宿
123,ペンションのりくら 長野県松本市乗鞍高原でペットと泊まれる宿
124,くりっこ 滋賀県高島市琵琶湖でペットと泊まれる宿
125,ペットフリーペンションWanday 千葉県房総半島でペットと泊まれる宿
126,ペンション＆コテージ悠遊 宮城県蔵王町遠刈田温泉でペットと泊まれる宿
127,ペンションアルペン 山形県米沢市でペットと泊まれる宿
128,わたかの荘 三重県伊勢志摩でペットと泊まれる宿
129,皆生温泉 海潮園 鳥取県米子市でペットと泊まれる宿
130,MOTOSAN 福井県久々子湖でペットと泊まれる宿
131,花月園 静岡県伊豆・修善寺でペットと泊まれる宿
132,クースクース 山梨県富士河口湖でペットと泊まれる宿
133,グランデール 山梨県八ヶ岳清里高原でペットと泊まれる宿
134,WandsWorth 長野県八ヶ岳中央高原でペットと泊まれる宿
135,ペンショングーグー 三重県伊勢志摩でペットと泊まれる宿
136,棲家ま～る 沖縄県石垣島でペットと泊まれる宿
137,おおなみ 三重県伊勢志摩でペットと泊まれる宿
138,レインボーマリン 福島県久々子湖でペットと泊まれる宿
139,ルネッサ城ケ崎 静岡県伊豆でペットと泊まれる宿
140,ルンバ☆ルンバ 兵庫県神戸市でペットと泊まれる宿
141,レイセニット城崎スイートVILLA 兵庫県城崎温泉でペットと泊まれる宿
142,ラボランドくろひめ 長野県黒姫高原でペットと泊まれる宿
143,ゲストハウス ベルン 長野県車山高原でペットと泊まれる宿
144,オーベルジュ赤煉瓦 長野県車山高原でペットと泊まれる宿
145,浅間リゾート・イン 群馬県浅間高原でペットと泊まれる宿
146,ペパーミントジャム 長野県車山高原でペットと泊まれる宿
147,プリンス 森のドッグヴィレッジ 長野県軽井沢でペットと泊まれる宿
148,バウムコレクション 山梨県八ヶ岳清里高原でペットと泊まれる宿
149,ペンション グリーンウッド 群馬県玉原高原でペットと泊まれる宿
150,ドッグパレスリゾート箱根 神奈川県箱根でペットと泊まれる宿
151,貸別荘 フレッチア 静岡県伊豆高原でペットと泊まれる宿
152,薬研荘 青森県下北半島薬研温泉でペットと泊まれる宿
153,ドッグリゾート ONEMORE 静岡県伊豆高原でペットと泊まれる宿
154,本陣粋月 京都府京丹後市夕日ヶ浦温泉でペットと泊まれる宿
155,ホテル旬香 三重県伊勢志摩国立公園でペットと泊まれる宿
156,HOTEL凛香 富士山中湖リゾートでペットと泊まれる宿
157,ペンションペルメル  福島県磐梯町でペットと泊まれる宿
158,タイラーズフラット 静岡県伊豆高原でペットと泊まれる宿
159,貸別荘 湖林 静岡県伊東市一碧湖でペットと泊まれる宿
160,あさりのお宿 静岡県伊豆高原でペットと泊まれる宿
161,ペンションいっぺき湖 静岡県伊豆高原でペットと泊まれる宿
162,Bar&Stay Youminn 福島県 猪苗代・磐梯高原でペットと泊まれる宿
163,しっぽのおやど 静岡県伊豆下田九十浜付近でペットと泊まれる宿
164,海宿 太陽人 静岡県伊豆下田でペットと泊まれる宿
165,Cottage Figtree 静岡県伊豆一碧湖付近でペットと泊まれる宿
166,モルゲン 静岡県 伊東市 伊豆高原駅付近でペットと泊まれる宿
167,青空の扉 長野県蓼科で犬と泊まれるプチホテル
168,ジョイフルペンション ドレミファン! 長野県白樺湖でペットと泊まれる宿
169,モロアの森ランボォ 山梨県八ヶ岳・清里高原でペットと泊まれる宿
170,ゲストハウス宮古島 沖縄県宮古島でペットと泊まれる宿
171,のはらペンション長野県八ヶ岳でペットと泊まれる宿
172,丸池ホテル 長野県志賀高原でペットと泊まれる宿
173,ペンション白馬ＯＺ 長野県白馬村でペットと泊まれる宿
174,プチホテルパディントンハウス 長野県北志賀高原よませ温泉でペットと泊まれる宿
175,晴レ屋 静岡県伊豆下田市でペットと泊まれる宿
176,黒船ホテル 静岡県伊豆下田でペットと泊まれる宿
177,小さなリゾートハウス 静岡県南伊豆でペットと泊まれる宿
178,プチホテルサザンウインド 静岡県伊豆熱川でペットと泊まれる宿
179,しいの木やま 静岡県南伊豆でペットと泊まれる宿
180,サーフサイドBed＆Breakfast 沖縄万座毛でペットと泊まれる宿
181,浅間マンサード 群馬県 吾妻郡 北軽井沢でペットと泊まれる宿
182,山荘 アオ  和歌山県有田郡高野山付近でペットと泊まれる宿
183,【閉館】旅館弁天荘 岐阜県高山市でペットと泊まれる宿
184,Aruma Garden Dogs 山梨県八ヶ岳でペットと泊まれる宿
185,志賀高原ホテル一望閣 長野県志賀高原でペットと泊まれる宿
186,アーネストハウス 静岡県下田でペットと泊まれる宿
187,奥志賀高原ホテル 長野県奥志賀高原でペットと泊まれる宿
188,ペンションフォーシーズン 長野県白馬村でペットと泊まれる宿
189,ペンションハッピーメイト 兵庫県淡路島でペット泊まれる宿
190,高原のリゾートログハウス凛灯 静岡県天城高原でペットと泊まれる宿
191,ケニーズハウス 静岡県伊豆半島のペットと泊まれる宿
192,6月の森ハーブガーデン 栃木県佐野市でペットと泊まれる宿
193,ARTなペンション夢がたり 福島県磐梯高原でペットと泊まれる宿
194,海すずめ 沖縄県石垣島でペットと泊まれる宿
195,パイナガマ・ビーチハウス 沖縄県 宮古島でペットと泊まれる宿
196,Nature Cottage Akabeko 福島県裏磐梯でペットと泊まれる宿
197,Ugo 大分県別府でペットと泊まれる宿
198,四季の森山荘 福島県 裏磐梯高原でペットと泊まれる宿
199,ヒルトン小田原 クチコミ 神奈川県小田原ペットと泊まれる宿
200,ロッジ・キースプリング八ヶ岳 山梨県北社市でペットと泊まれる宿
201,沖縄かりゆしビーチリゾート・オーシャンスパ 沖縄県恩納村
202,別館カワナツ 兵庫県美方郡新温泉町でペットと泊まれる宿
203,幸の湯 長野県志賀高原でペットと泊まれる宿
204,ベイリリィ 和歌山県西牟婁郡南紀白浜でペットと泊まれる宿
205,【廃業】カーティスクリーク 福島県磐梯山でペット泊まれる宿
206,ペンションSEQUOIA 長野県八ヶ岳中央高原でペットと泊まれる宿
207,四季亭 山梨県富士吉田でペットと泊まれる宿
208,こだま荘 兵庫県但馬地方でペットと泊まれる宿
209,蓼科わんわんパラダイスコテージ 長野県八ヶ野女神平でペットと泊まれる宿 長野県八ヶ野女神平でペットと泊まれる宿
210,ペンション時計館 山梨県八ヶ岳でペットと泊まれる宿
211,ビワ池ホテル 長野県志賀高原でペットと泊まれる宿
212,ペンションもくりん 長野県白樺湖にあるペットと泊まれる宿
213,佳泉郷井づつや 兵庫県美方郡新温泉町でペットと泊まれる宿
214,ペンションすもーくちーふ 長野県白樺高原でペットと泊まれる宿
215,ペンション平川 岐阜県飛騨高山でペットと泊まれる宿
216,花きりん 福島県裏磐梯高原でペットと泊まれる宿
217,ベルクレール 岩手県岩手高原でペットと泊まれる宿
218,上州苑 新潟県弥彦山でペットと泊まれる宿
219,ファームガーデンホテル 静岡県伊豆半島でペットと泊まれる宿
220,ファームイン南房総　杉田棟 千葉県南房総でペットと泊まれる宿
221,ロッジクール 和歌山県日高川近郊でペットと泊まれる宿
222,サニーステップ 静岡県伊豆下田でペットと泊まれる宿
223,カドワキペンション 長野県蓼科高原でペットと泊まれる宿
224,城崎玄武 兵庫県豊岡市城崎温泉でペットと泊まれる宿
225,清里レストラン＆コテージ睦(BOKU) 山梨県清里高原でペットと泊まれる宿
226,福籠 和歌山県潮岬でペットと泊まれる宿
227,食彩館アルビン 福島県五色沼でペットと泊まれる宿
228,ペンションフリータイム 静岡県子浦･妻良港でペットと泊まれる宿
229,ステップイン白浜 静岡県白浜海岸でペットと泊まれる宿
230,ペンション弓ヶ浜 静岡県伊豆半島でペットと泊まれる宿
231,コテージ結 山梨県富士山近隣でペットと泊まれる宿
232,コテージPOSY 鹿児島県栗野岳でペットと泊まれる宿
233,コテージ・凜 福岡県糸島市でペットと泊まれる宿
234,コンドミニアムフラットレット草津 群馬県草津高原でペットと泊まれる宿
235,ウィズペットイン 千葉県九十九里海岸でペットと泊まれる宿
236,ペンション キャッチボール 千葉県館山市南房総でペットと泊まれる宿
237,ゲストハウスサンディーズ 福島県会津でペットと泊まれる宿
238,CAROFORESTA北軽井沢RIO 群馬県軽井沢でペットと泊まれる宿
239,浅間高原ホテル 群馬県浅間高原でペットと泊まれる宿
240,犬の駅 静岡県伊豆でペットと一緒に宿泊できる宿
241,浜道楽 静岡県西伊豆でペットと泊まれる宿
242,ストロベリーファーム白崎 和歌山県白崎海岸でペットと泊まれる宿
243,CARO FORESTA館山DIANA 千葉県館山でペットと泊まれる宿
244,プラムフィールド 北海道帯広でペットと泊まれる宿
245,ペンションノア 新潟県越後湯沢でペットと泊まれる宿
246,KKRホテル熊本 熊本県熊本城近郊でペットと泊まれる宿
247,ファミリーロッジどんぐり村 長野県 飯山市 斑尾高原でペットと泊まれる宿
248,リゾートヴィラ ハチ北 兵庫県ハチ北高原でペットと泊まれる宿
249,西発哺温泉ホテル 長野県志賀高原でペットと泊まれる宿
250,わんわんペンションKUU 群馬県嬬恋村でペットと泊まれる宿
251,ペンションMON 栃木県 那須高原でペットと泊まれる宿
252,リゾートペンションビーグル静岡県伊豆熱川でペットと泊まれる宿
253,ホワイトラビ斑尾高原 長野県斑尾高原でペットと泊まれる宿
254,ペンションこりす福島県会津磐梯山でペットと泊まれる宿
255,おれんじはうす 山梨県八ヶ岳でペットと泊まれる宿
256,アップルシード 静岡県伊豆伊東市一碧湖でペットと泊まれる宿
257,きがるな・・宿・シーガル 静岡県伊豆でペットと泊まれる宿
258,ペアツリー草津 群馬県草津温泉でペットと泊まれる宿
259,せせらぎの宿 紅竹 静岡県静岡市でペットと泊まれる宿
260,B&Bエリザベス 長野県上田市千曲川でペットと泊まれる宿
261,cocoon itoshima 福岡県糸島でペットと泊まれる宿
262,D+KIRISHIMA 鹿児島県霧島市でペットと泊まれる宿
263,ペンション クローバーリーフ 岐阜県飛騨高山でペットと泊まれる宿
264,バーネットヒル 山梨県清里高原でペットと泊まれる宿
265,KKR湯沢ゆきぐに 新潟県越後湯沢でペットと泊まれる宿
266,リゾートペンション藍 福島県曽原湖畔でペットと泊まれる宿
267,LOHASくるみ谷 京都府丹後半島でペットと泊まれる宿
268,Hale Luana 千葉県東金市でペットと泊まれる宿
269,アパホテル＆リゾート東京ベイ幕張 千葉県幕張でペットと泊まれる宿
270,GREEN・BR 静岡県沼津市伊豆でペットと泊まれる宿
271,三国園 群馬県吾妻郡四万温泉でペットと泊まれる宿
272,Dog Space 滋賀県琵琶湖近郊でペットと泊まれる宿
273,コテージエトランゼ 長野県黒姫高原でペットと泊まれる宿
274,きざき旅館 福井県若狭湾国定公園でペットと泊まれる宿
275,お多福 INN 岡山県白石島海水浴場でペットと泊まれる宿
276,安来苑 島根県宍道湖でペットと泊まれる宿
277,ペンション ガジュマル 千葉県九十九里海岸でペットと泊まれる宿
278,コテージログハウスGOO！ 長野県黒姫高原でペットと泊まれる宿
279,すいほう園 静岡県沼津市千本浜でペットと泊まれる宿
280,ドッグホテルわん楽 千葉県平砂浦海岸でペットと泊まれる宿
281,アルミュール 新潟県越後湯沢でペットと泊まれる宿
282,コテージワン 宮島街道店 広島県広島市でペットと泊まれる宿
283,シーサイドペンション ロングフィールド 千葉県南房総でペットと宿泊
284,コテージ村木湖里館 山形県白川湖畔でペットと泊まれる宿
285,和み舎ひるがの 岐阜県郡上市でペットと泊まれる宿
286,れと宿 ペンション 沖縄県石垣市でペットと泊まれる宿
287,はんなり伊豆高原 静岡県伊豆でペットと泊まれる宿
288,伊豆自然村キャンプフィールド 静岡県伊豆でペットと泊まれる宿
289,一の倉荘別邸 白馬 長野県白馬でペットと泊まれる宿
290,福狸亭 小川家 静岡県伊豆の国市でペットと泊まれる宿
291,バリリゾート in 石垣島 沖縄県石垣島でペットと泊まれる宿
292,フィオーレ志摩 三重県伊勢志摩市でペットと泊まれる宿
293,HALE ILIO 静岡県伊豆でペットと泊まれる宿
294,ペンションルッコラ 静岡県伊豆でペットと泊まれる宿
295,ピュアモールミモザ 長野県北安曇郡白馬村でペットと泊まれる宿
296,クリンゲルバウム 神奈川県箱根温泉でペットと泊まれる宿
297,ペンションピレモン 長野県白馬村でペットと泊まれる宿
298,ペンションリンデンバーム 長野県軽井沢でペットと泊まれる宿
299,ゆふいん旅館 ゆすらうめ 大分県由布市でペットと泊まれる宿
300,ホテル季の座 きほく千年温泉  三重県でペットと泊まれる宿
301,コテージゆうゆう北海道富良野でペットと泊まれる宿
302,モン・シャレ・コパン 長野県白馬村でペットと泊まれる宿
303,【閉館】味の宿 福寿荘 静岡県伊豆でペットと泊まれる宿
304,秀丸花ごころ 三重県鳥羽市榊原温泉でペットと泊まれる宿
305,べっぷ野上本館 大分県別府でペットと泊まれる宿
306,去来庵 松城館 静岡県伊豆でペットと泊まれる宿
307,湯布院ウッディハウスF 大分県由布市でペットと泊まれる宿
308,わんわんワン 貸別荘 栃木県那須高原でペットと泊まれる宿
309,わんわんペンション ワンネル 静岡県伊東市伊豆でペットと泊まれる宿
310,内藤ペンション 長野県蓼科でペットと泊まれる宿
311,カンパーニュ白馬 長野県白馬でペットと泊まれる宿
312,別府温泉 好楽 大分県別府温泉でペットと泊まれる宿
313,ペンション パレット 長野県八ヶ岳でペットと泊まれる宿
314,湯布院ガーデンホテル 大分県湯布院でペットと泊まれる宿
315,カナディアンビレッジ 長野県白馬村でペットと泊まれる宿
316,グリーングラス ペンション 長野県白馬でペットと泊まれる宿
317,ログコテージ霧ケ峰 長野信州霧ヶ峰高原でペットと泊まれる宿
318,ニュー・グリーンピア津南 新潟県でペットと泊まれる宿
319,リンデンバウム 長野県白馬岩岳でペットと泊まれる宿
320,ペンションEverGreen 長野県富士見 八ヶ岳でペットと泊まれる宿
321,ルシアン旧軽井沢 長野県軽井沢でペットと泊まれる宿
322,プチホテルグラスハウス 長野県白馬でペットと泊まれる宿
323,ペンションポエティカル 長野県乗鞍高原でペットと泊まれる宿
324,熱海温泉ホテルかつら 静岡県伊豆熱海でペットと泊まれる宿
325,網代観光ホテル  静岡県伊豆熱海でペットと泊まれる宿
326,ラフォーレ倶楽部 湯の棲 箱根町強羅でペットと泊まれる宿
327,ベイサイドスクエア 皆生ホテル 鳥取県米子でペットと宿まれる施設
328,ワイスホルン 長野県北安曇郡白馬でペットと泊まれる宿
329,ニセコひらふ泉郷レンタルコテージ 北海道 ペットと泊まれる宿
330,フォレストリゾート コニファーいわびつ 群馬県でペットと泊まれる宿
331,長崎あぐりの丘高原ホテル 九州長崎県でペット泊まれる宿
332,ペット＆スパホテル伊豆ワン 静岡県伊豆高原でペットと泊まれる宿
333,山荘ひばり 岐阜県飛騨高山市でペットと泊まれる宿
334,榎屋旅館 九州大分県湯布院でペットと泊まれる宿
335,ASOVILLA 千葉県九十九里でペットと泊まれる宿 コテージ
336,プチペンション ジョナサン 長野県信州八ヶ岳でペットと泊まれる宿
337,那須高原ペンション ザ・ヴィンテージビュー 栃木県でペットと泊まれる宿
338,ペンションけんけん 長野県軽井沢でペットと泊まれる宿
339,PICA富士西湖 山梨県富士河口湖でペットと泊まれる宿
340,ペンション レトリバー クチコミ 静岡県熱海ペットと泊まれる宿
341,山荘 花暢 大分県湯布院でペットと泊まれる宿
342,ペンション われもこう 長野県八ヶ岳でペットと泊まれる宿
343,ペンション いちばん星 群馬県北軽井沢でペットと一緒に宿泊できる宿
344,ペンションパピヨンの森 山梨県山中湖でペットと泊まれる宿
345,リブマックスリゾート 軽井沢フォレスト ワンちゃんと泊まれる宿
346,ミーティア 長野県白馬でペットと泊まれるペンション＆ログホテル
347,Class The Wolf 山梨県山中湖でペットと泊まれる宿 カーロ・リゾート
348,ホテルそよかぜ 長野県軽井沢でペットと泊まれる宿
349,Lodge かぜのおと 北アルプス長野県白馬でペットと泊まれる宿
350,アルバータロッジ 北海道ニセコでペットと泊まれるログ貸別荘
351,ウィンディーベル 群馬県嬬恋 北軽井沢でペットと泊まれる貸別荘
352,かご岩温泉旅館 栃木県日光市でペットと泊まれる宿
353,ザ ハートフィールド イン 栃木県那須温泉でペットと泊まれる宿
354,湯布院山荘 吾亦紅 大分県湯布院でペットと泊まれる宿
355,ペンションKEN-HOUSE 長野県八ヶ岳でペットと泊まれる宿
356,アートホテルドッグレッグ軽井沢 長野県軽井沢でペットと泊まれる宿
357,レストラン＆ペンション Hot dog 長野県軽井沢でペットと泊まれる宿
358,軽井沢マリオットホテル 長野県軽井沢でペットと泊まれる宿
359,ペンションブルー 長野県白馬でペットと泊まれる宿
360,八丈島パークホテル 東京都でペットと泊まれる宿
361,ラ・フォンティーヌ・アルジャンテ 蓼科でペットと泊まれる宿
362,北軽井沢ペンションＫＧＢ 群馬県嬬恋村でペットと泊まれる宿
363,ペンションYES・NO 飛騨高山でペットと泊まれるペンション
364,セルム北軽井沢 ABC棟 群馬県嬬恋村でペットと泊まれる宿
365,北軽井沢 貸別荘カシュート 群馬県嬬恋村でペットと泊まれる宿
366,湯元ホロホロ山荘 北海道でペットと泊まれる温泉宿
367,休暇村 フェーリエンドルフ 北海道でペットと泊まれる宿
368,ログペンションパインハウス 北海道朝里川温泉でペットと泊まれる宿
369,YORKSHIRE FARM 北海道新得町でペットと泊まれる宿
370,ゲストハウスもみの木 栃木県那須でペットと泊まれる宿
371,SUN・LAKE 山梨県河口湖 西湖の湖畔でペットと泊まれる宿
372,ペンションLua 栃木県那須高原でペットと泊まれる宿
373,タカノプライベートレンタルハウス 東京都葛飾区でペットと泊まれる宿
374,【閉館】ウッドペッカー ペンション 長野県白馬でペットと泊まれる宿
375,コテージ花七曜 北海道富良野でペットと泊まれる宿
376,DOG DEPT GARDEN HOTEL KARUIZAWA 軽井沢でペットと宿泊
377,コテージ ルナガーデン那須 【栃木県那須高原でペットと泊まれる宿】
378,愛犬かしま ログハウス 【 静岡県伊豆でペットと泊まれる宿 】
379,ぎん鈴旅館 口コミ 東京都青梅の愛犬と泊まれる宿
380,ニセコセントラル望 北海道ニセコで愛犬と泊まれる宿
381,dog’s pensionしゃのんち【栃木県那須でペットと泊まれる宿】
382,ルネッサ赤沢 コテージ クチコミ 静岡県伊豆でペットと泊まれる宿
383,東急那須リゾートホテル ハーヴェスト那須 【栃木県那須でペットと泊まれる宿】
384,オリーブ 【栃木県那須高原でペットと泊まれる宿】
385,Cottage WANSコテージわん’S 【栃木県那須でペットと泊まれる宿】
386,ホテル山水荘 【北海道阿寒湖温泉でペットと泊まれる宿】
387,TOWAピュアコテージ 栃木県那須高原でペットと泊まれる宿
388,ラーダニーヴァ 北海道十勝平野でペットと泊まれる宿
389,HAKODATE男爵倶楽部 北海道函館市でペットと泊まれる宿
390,トーコーテニスコート&ビレッジ 栃木県那須高原でペットと泊まれる宿
391,笑顔咲く宿 めぐみ雪 【北海道美瑛町でペットと泊まれる宿】
392,ルピナス河口湖 貸別荘 山梨県 河口湖で愛犬と泊まれる宿
393,B.J.club 北海道富良野でペットと泊まれる宿
394,PETITHOTEL#MELON 北海道富良野市でペットと泊まれる宿
395,レジーナリゾートびわ湖長浜 滋賀県琵琶湖でペットと泊まれる宿
396,Country House One カントリーハウスワン 口コミ 山梨県山中湖でペットと泊まれる宿
397,MAX RESORT 栃木県那須塩原でペットと泊まれる宿
398,とうろの宿 北海道釧路湿原でペットと泊まれる宿
399,ガストホフ アルタニー 栃木県那須高原でペットと泊まれる宿
400,貸別荘 柊 大分県でペットと泊まれる宿
401,那須ドックラン＆コテージワンコが主役 栃木県那須でペットと泊まれる宿
402,箱根強羅グアムドッグ本店 神奈川県箱根町でペットと泊まれる宿
403,La-luce（ラ・ルーチェ）栃木県那須高原でペットと泊まれる宿
404,forest inn. SANGORO 山形県蔵王スキー場でペットと泊まれる宿
405,ローザンヌ ペンション 山梨県河口湖でペットと泊まれる宿
406,ハロハロinn那須 栃木県那須高原でペットと泊まれる宿 ペンション
407,御宿飯山館 長野県飯山市でペットと泊まれる宿
408,わたやRYOKAN 香川県 琴平町でペットと泊まれる宿
409,クイール ペットと一緒に過ごす宿 静岡県 伊豆高原でペットと泊まれる宿
410,Wan’s Resort 城ヶ崎海岸 静岡県 相模湾でペットと泊まれる宿
411,ハイパーリゾート ヴィラ塩江 香川県 塩江温泉 ペットと泊まれる宿
412,グランドプリンスホテル新高輪 東京都港区でペットと泊まれる宿
413,カフェ＆オーベルジュ里休 山梨県山中湖でペットと泊まれる宿
414,鬼怒川 湯わん。栃木県日光市でペットと泊まれる宿
415,ドッグランドサムデイ 山梨県 河口湖でペットと泊まれるペンション
416,リブマックスリゾート安芸宮島 広島県でペットと泊まれる宿
417,Ｂ＆Ｂ犬遊楽 熊本県でペットと泊まれる宿
418,ペンションわんだーらんど 山梨県 河口湖でペットと泊まれる宿
419,プティホテルセ・ボン 栃木県 日光市でペットと泊まれる宿
420,きぬがわ高原リゾート 栃木県日光市でペットと泊まれる宿
421,オーベルジュブーズアネックス 山梨県 山中湖でペットと泊まれる宿
422,i＋Land nagasaki 口コミ 九州長崎県長崎市でペットと泊まれる宿
423,秀竹 福井県 漁師直送 ペットと泊まれる宿
424,ありの塔 ペンション 栃木県 日光市でペットと泊まれる宿
425,あにまる御殿 栃木県日光市でペットと泊まれる宿
426,奥日光高原ホテル 栃木県日光市のペットと泊まれる宿
427,ペンション高原の小枝 栃木県 日光市 ペットと泊まれる宿
428,カーロ・フォレスタ 山梨県山中湖でペットと泊まれる宿
429,ホテル四季の蔵 静岡県 伊豆でペット泊まれる宿
430,メゾンドブラン 栃木県 那須でペットと泊まれる宿
431,シギラベイサイドスイートアラマンダ 沖縄県でペットと泊まれる宿
432,ロッヂ花月園 山梨県 山中湖で愛犬と泊まれる宿
433,民宿ランプ 北海道網走市でペットと泊まれる宿
434,Kencha Rumah 東京都 八丈島でペットと泊まれる宿
435,Nishichaya旅音 北陸石川県金沢でペットと泊まれる宿
436,ラフォーレ修善寺 静岡県 伊豆でペットと泊まれる宿
437,水辺のホテル小さな白い花 京都府でペット泊まれる宿
438,レジーナリゾート富士 山梨県 河口湖でペットと泊まれる宿
439,グリーンヒル山中湖 山梨県 富士のペットと泊まれる宿
440,サイズリゾートホテル裏磐梯 福島県磐梯でペットと泊まれる宿
441,八勝園湯元館 岐阜県 土岐市でペットと泊まれる宿
442,ハッピーちっぴー ペンション 静岡県 伊豆でペットと泊まれる宿
443,モンターニャ 山梨県 河口湖でペットと泊まれる宿
444,鴨川カントリーホテル 千葉県 南房総鴨川でペットと泊まれる宿
445,ゆ宿 おさんぽ日和 岐阜県 飛騨高山  中尾高原でペットと泊まれる宿
446,ペンションブルーポピー 山梨県 河口湖でペットと泊まれる宿 猫の宿泊可
447,リブマックスリゾート伊東川奈 静岡県 伊豆高原 ペットと泊まれる宿
448,ホテルタングラム 長野県 斑尾東急リゾート ペットと泊まれる宿
449,カパルア 長野県 軽井沢ペンション ペットと泊まれる宿
450,PICA富士吉田 山梨県 河口湖 激安でペットと泊まれる宿
451,ペンションサライ 高知県でペットと泊まれる宿
452,民宿ヤマト 三重県 伊勢市 ペットと泊まれる宿 格安
453,おやど風来坊 福島県 裏磐梯高原 スキー ペットと泊まれる宿
454,アメリーハウス軽井沢 長野県 スキー近く ペットと泊まれる宿
455,アルトピアーノ 栃木県 那須高原 ペットと泊まれる宿
456,四季彩 山梨県 富士山が見えるペットと泊まれる宿
457,Lucky’sTrailerVillage ​千葉県 館山市 ペットと泊まれる宿
458,クリフハウス柳田旅館 北海道 ペットと泊まれる宿
459,青い海 ペンション 三重県 伊勢志摩 ペットと泊まれる宿
460,五の宮の湯 秋田県 八幡平 五の宮温泉 ペットと泊まれる宿
461,つかさや旅館 湯田川温泉 山形県 ペットと泊まれる宿
462,瀧の屋 山形県 あつみ温泉 ペットと泊まれる宿
463,一冨士ホテル 群馬県 伊香保温泉 ペットと泊まれる宿
464,軽井沢ホテルアスプロス 群馬県嬬恋でペットと泊まれる宿　
465,maururu 千葉県 九十九里 ペットと泊まれる宿 コテージ&アトリエ
466,ラ・ピステ ペットと泊まれる宿 栃木県 那須高原 ゲストハウス
467,バンヌッフ ペットと泊まれる宿 新潟県 湯沢 猫と泊まれる宿
468,アトレーユ 北海道 摩周湖でペットと泊まれる宿
469,くるみ庵 愛知県 南知多町でペットと泊まれる宿
470,TANPOPO-INN ペットと泊まれる宿 山形県 米沢スキー場 猫可
471,桜清水コテージ 長野県でペットと泊まれる宿
472,湯原国際観光ホテル 菊之湯 岡山県 湯原温泉 ペットと泊まれる宿
473,Ninja旅音 石川県 金沢市ペットと泊まれる宿
474,オーベルジュ・ラ・プーサン 長野県 ペットと泊まれる宿
475,カナディアンログコテージTAKITARO ペットと泊まれる宿
476,漁師の宿  浜岸 福井県 ペットと泊まれる宿
477,ZUKERAN Resort Pension 長野県 菅平でペットと泊まれる宿
478,オーベルジュ・ド・プリマヴェーラ 長野県 軽井沢 ペットと泊まれる宿
479,おしなや ワンわんコテージ海と花 千葉県 ペットと泊まれる宿
480,ホテル後楽荘 新潟県赤倉温泉で ペットと泊まれる宿
481,楓の小舎 大分県 湯布院温泉でペットと泊まれる宿
482,あつみホテル温海荘 山形県でペットと泊まれる宿
483,ノーティカオン Naughty Cao 山梨県山中湖ペットと泊まれる宿
484,グランドヴィュー一宮 千葉県 犬と泊まれるコンドミニアムなお宿
485,エンゼルフォレスト熱海自然郷 静岡県熱海でペットと泊まれる宿
486,いやしの宿いにしえ ペットと泊まれる宿 鹿児島県
487,nao炬乃座 別邸梅小路 京都府 ペットと泊まれる宿
488,アニマーレプレミアムin那須 栃木県 那須高原 ペットと泊まれる宿
489,PFリゾートシエル 千葉県 ペットと泊まれる宿
490,リゾートパークともやま 三重県伊勢志摩でペットと泊まれる宿
491,いやされの宿田舎や 鹿児島県でペットと泊まれる宿
492,大東舘 群馬県 草津温泉でペットと泊まれる宿
493,MERCI0823 静岡県伊東市 伊豆でペットと泊まれる宿
494,花ごよみ 和倉温泉 石川県 ペットと泊まれる宿
495,清涼荘 5種の貸切湯がある岳湯温泉 熊本県でぺットと泊まれる宿
496,プライベートキャンプ＆ドッグリゾートONIWA 高知県でペット宿泊
497,リゾートホテル ベルパライソ 沖縄県 ペットと泊まれる宿
498,祭畤温泉かみくら 岩手県 ペットと泊まれる宿 猫と泊まれる宿
499,芦ノ牧プリンスホテル 福島県 ペットと泊まれる宿
500,花みちる宿ニュー萬力 新潟県 関川温泉ペットと泊まれるお宿
501,ホテルブリーズベイマリーナ 沖縄県 ペットと泊まれる宿
502,丹泉ホテル 山形県 赤湯温泉 ペットと泊まれる宿
503,民宿なこら 三重県伊勢志摩でペットと泊まれる宿
504,コテージヒムカ 宮崎県 ラグゼ一ツ葉 ペットと泊まれる宿
505,ゲストハウス ロコココロ 京都 伏見でペットと泊まれる宿
506,福徳屋旅館 長崎県 小浜温泉 ペットと泊まれる宿
507,糠平温泉ホテル 北海道ぬかびら温泉郷でペットと泊まれる宿
508,ペットと泊まれる宿 静岡県 三ヶ日温泉「 浜名湖レークサイドプラザ 」
509,湯迫温泉旅館 島根県 石見銀山近くのペットと泊まれる宿
510,フジプレミアムリゾート 山梨県 河口湖でペットと泊まれる宿
511,ビジネスホテル モトナカノ 北海道でペットと泊まれる宿
512,碧湖レイクサイドテラス 静岡県 伊豆 ペットと泊まれるホテル
513,ホテルレシーア南知多 愛知 知多半島 ペットと泊まれる宿
514,ホテルはやし 大分県 別府で格安ペットと泊まれる宿
515,ライラックホテルズ・アンド・リゾート 鹿児島県でペットと泊まれる宿
516,リブマックスリゾート箱根仙石原 神奈川県 箱根町でペットと泊まれる宿
517,御宿みやこ 大分県 夢温泉郷 宝泉寺温泉 ペットと泊まれる宿
518,ビジネスホテルグランディⅡ 北海道 帯広市 格安でペットと泊まれる宿 猫宿泊可
519,ペンション 銀の道 山梨県 八ヶ岳でペットと泊まれる宿
520,ゆすの木 九州 宮崎県 宮崎市でペットと泊まれる宿
521,ペットと泊まれる宿 新潟県 「 コンドミニアム苗場ウエスト 」
522,リブマックスリゾート箱根芦ノ湖 神奈川県 ペットと泊まれるホテル
523,雪沢温泉大雪 秋田県大館市でペットと泊まれる宿
524,ペットと泊まれる宿 新潟県 妙高高原「 赤倉温泉ホテル太閤 」
525,ペットと泊まれる宿 福岡県「 温泉旅館 ふくせんか 」
526,ガーデンホテルハナヨ 和歌山県でペットと泊まれるホテル
527,ペットと泊まれる宿 愛知県 「 ホテル三河海陽閣 」
528,休暇村 帝釈峡 口コミ 広島県でペットと泊まれる宿
529,須賀谷温泉 滋賀県 長浜市 ペットと泊まれる宿
530,ホテル古柏園 山梨県 石和温泉でペットと泊まれる宿
531,ペットと泊まれる宿 愛媛県 「 フリーデイズリゾート桜三里 」
532,スパ＆リゾート 太陽の里 千葉県 九十九里でペットと泊まれる宿
533,こころ宿ＮＡＧＯＭＩ 栃木県 ペットと泊まれる
534,ペットと泊まれる宿 福島県 「 ホテルリステル猪苗代ウイングタワー 」猫宿泊可
535,ペットと泊まれる宿 栃木県 リゾートホテルラフォーレ那須
536,ペットと泊まれる宿 沖縄県 石垣島「 石垣シーサイドホテル 」
537,サンプラザホテル 沖縄県 那覇市 ペットと泊まれる宿
538,ゆるり西伊豆 静岡県 伊豆でペットと泊まれる宿
539,ローズガーデン志摩 三重県でペットと泊まれるリゾートホテル
540,ホテル大和 静岡県 熱海市 格安でペットと泊まれる宿
541,ホテルファミリーオみなかみ 群馬県 ペットと泊まれる宿
542,山水荘 北海道 阿寒湖温泉ホテル ペットと泊まれる宿
543,リブマックスリゾート鬼怒川 栃木県 鬼怒川温泉でペットと泊まれる宿
544,ミッションヒルズ迎賓館 埼玉県 ペットと泊まれる宿
545,ザ・シロヤマテラス津山別邸 岡山県 ペットと泊まれる宿
546,最上高湯善七乃湯 山形県 ペットと泊まれる宿
547,ペットと泊まれる宿 長野県「 ヒュッテ霧ヶ峰 」
548,吉田屋旅館 山形県 蔵王温泉 ペットと泊まれる宿
549,旅館倉敷 北海道 鹿部温泉でペットと泊まれる宿
550,ペットと泊まれる宿 群馬県 草津温泉 「 音雅 」
551,七沢荘 神奈川県 厚木市 七沢温泉でペットと泊まれる宿
552,佳翠苑皆美 島根県 出雲玉造温泉 ペットと泊まれる宿
553,ホテルいかほ銀水 群馬県 伊香保温泉 ペットと泊まれる宿
554,グリーンバレー白馬 長野県白馬でペットと泊まれる宿
555,ふれあいの里ささみね ペットと泊まれる宿 富山県
556,蔵王温泉ホテルオークヒル ペットと泊まれる宿 山形県　スキー
557,御宿はなわらび ペットと泊まれる宿 福岡県
558,ウェルネスの森 ペットと泊まれる宿 静岡県 伊東市
559,ビジネス旅館オタマヤ 宮城県 仙台市 ペットと泊まれる宿
560,ヴィラ今井浜 静岡県 伊豆 ペットと泊まれる宿 猫 宿泊可
561,ホテル花いさわ ペットと泊まれる宿 山梨県 石和温泉郷
562,神戸ポートタワーホテルなごみの湯宿 ペットと泊まれる宿 兵庫県
563,ペンションアニマーレ 静岡県 伊豆高原 ペットと泊まれる宿
564,ウィークリーさっぽろ2000 北海道 格安でペットと泊まれる宿
565,モンテ・ローザ ホテル 兵庫県 ペットと泊まれる宿
566,ペンション アニマーレ  栃木県 日光市 ペットと泊まれる宿
567,朝野家 兵庫県 湯村温泉 ペットと泊まれる宿
568,湯山荘 阿讃琴南 美合源泉のペットと泊まれる宿 香川県　
569,森のホテルロシュフォール 岡山県 湯原温泉 ペットと泊まれる宿
570,湯快リゾート よしのや依緑園 石川県 山中温泉 ペットと泊まれる宿
571,亀屋旅館 ペットと泊まれる宿 神奈川県 湯河原温泉　猫と宿泊
572,ホテル大洗 舞凛館 ペットと泊まれる宿 茨城県 猫と宿泊
573,静波リゾートホテル・スウィングビーチ 静岡県 ペットと泊まれる宿
574,菊池温泉宝来館 ペットと泊まれる宿 熊本県 菊池温泉
575,ことぶきベース ペットと泊まれる宿 静岡県 伊豆ドッグペンション
576,ペットと泊まれる宿 福島県 東山温泉 庄助の宿 「 瀧の湯 」
577,大箱根一の湯 ペットと泊まれる宿 箱根 仙石原
578,親不知観光ホテル ペットと泊まれる宿 新潟県
579,紀伊国屋旅館 神奈川県 片瀬海岸 ペットと泊まれる宿
580,白樺倶楽部 長野県 北白樺高原でペットと泊まれる宿
581,リブマックスリゾート川治 栃木県 日光市 川治温泉でペットと泊まれる宿
582,ホテル雨宮館 北海道 湯の川温泉 ペットと泊まれる宿
583,温泉民宿大村屋 和歌山県 川湯温泉でペットと泊まれる宿
584,森の宿めるへん 長野県 戸隠でペットと泊まれる宿
585,名蔵ヴィレッジ 沖縄県 石垣島 ペットと泊まれる宿
586,花月ハイランドホテル 福島県 ペットと泊まれる宿 高湯温泉
587,花ゆらん 山形県 蔵王つららぎの宿 ペットと泊まれる宿 蔵王温泉
588,上諏訪温泉RAKO華乃井ホテル 長野県 ペットと泊まれる宿
589,リブマックスリゾート瀬戸内シーフロント 【兵庫県】ペットと泊まれる宿
590,丸山温泉 古城館 ペットと泊まれる宿 新潟県
591,ANDERMATT ペットと泊まれる宿 温泉山岳ホテル
592,民宿なか川 静岡県 西伊豆松崎大沢 ペットと泊まれる宿
593,旅館本陣 大分県 ペットと泊まれる宿
594,ペンションぐっどらっく高山 ペットと泊まれる宿
595,ペンション絵夢 福島県 ペットと泊まれる宿
596,ローザブランカ 三重県 ペットと泊まれるホテル　青山ガーデンリゾートホテル
597,焼走り国際交流村 岩手県岩手山 ペットと泊まれる宿
598,ペットと泊まれる宿 「 ハーヴェストスキージャム勝山 」
599,赤目山水園 三重県 赤目温泉 ラドン温泉 ペットと泊まれる宿
600,のりくらの宿 舞 長野県 乗鞍高原 鈴蘭温泉 ペットと泊まれる宿
601,サンタヒルズ 栃木県 那須 ペットと泊まれる宿
602,わん泊亭 アルメリア 岐阜県 下呂温泉 ペットと泊まれる宿
603,リブマックスリゾート 石川県 加賀山代 ペットと泊まれる宿
604,ペットと泊まれる宿 岐阜県 「 高山わんわんパラダイスホテル 」
605,ペットと泊まれる宿 岩手 鶯宿温泉「 玄武風柳亭 」
606,ペットと泊まれる宿 静岡県 伊豆高原「 ホテルアニマーレプレミアム 」
607,ペットと泊まれる宿 栃木県 那須高原「 ペンションfurari 」
608,ペットと泊まれる宿 大阪府 高石 「 ホテルステージ 」
609,ペットと泊まれる宿 富山県 「 ホテル森の風立山 」
610,ペットと泊まれる宿 大阪府 「 ホテルヒラリーズ 」「 レクラ 」
611,ペットと泊まれる宿 長野県 塩尻市「 ネイチャービレッジ諏訪塩嶺 」
612,ペットと泊まれる 【新潟県】 『三川温泉新かい荘』
613,ペットと泊まれる宿 北海道 「 アクアプラザピリカ 」
614,ペットと泊まれる宿 宮城県 松島「 松島センチュリーホテル 」
615,ペットと泊まれる宿 山梨県「 かんぽの宿 石和 」
616,ペットと泊まれる宿 福井県 「 旅館月香 」
617,ペンションゆふいん 大分県  由布院 ペットと泊まれる宿
618,ペットと泊まれる宿 滋賀県 「 かばたリゾート 」
619,ペットと泊まれる宿 栃木県 那須高原 ホテルフォレストヒルズ那須
620,【閉館】ペットと泊まれる宿 岡山県 くらしき山陽ハイツ
621,みるき～すぱサンビレッヂ 口コミ 大分県 ペットと泊まれる宿
622,かんぽの宿  口コミ 愛知県知多美浜 ペットと泊まれる宿
623,うめキャンプ村 口コミ 大分県北川ダムペットと泊まれる宿
624,すいげつろうホテル 口コミ 富山県ペットと泊まれる宿
625,山口屋別館 口コミ 山口県俵山温泉ペットと泊まれる宿
626,ヴィラージュ那須高原 口コミ 栃木県犬と泊まれる宿
627,わんわんパラダイス森のホテルスメール 口コミ 三重県松阪ペットと泊まれる宿
628,比良招福温泉ホリデーアフタヌーン  口コミ 滋賀県琵琶湖で犬と泊まれる宿
629,白樺リゾート池の平ホテル 口コミ 長野県ペットと泊まれる宿
630,海のホテル島花 口コミ 兵庫県淡路島ペットと泊まれる宿
631,旅館まつしん 口コミ 三重県伊勢二見ペットと泊まれる宿
632,オクマプライベートビーチ＆リゾート 口コミ 沖縄県ペットと泊まれる宿
633,コテージ塩原グリーンビレッジ 口コミ 栃木県ペットと泊まれる宿
634,松島屋旅館 口コミ 福島県ペットと泊まれる宿
635,リブマックスリゾート伊豆下田 口コミ 静岡県ペットと泊まれる宿
636,ロッジタンデム 口コミ 岩手県安比高原ペットと泊まれる宿
637,グッドリゾート長泉ガーデン 口コミ 静岡県ペットと泊まれる宿
638,星降る高原の温泉リゾートブルーリッジホテル 口コミ 兵庫県ペットと泊まれる宿
639,愛犬におもいやりの宿渚苑 口コミ 静岡県伊豆ペットと泊まれる宿
640,広島北ホテル 口コミ 広島県ペットと泊まれる宿
641,福久寿苑 口コミ 栃木県ペットと泊まれる宿
642,ホテル NIPPONIA 口コミ 千葉県佐原ペットと泊まれる宿
643,パディントンハウス 口コミ  長野県よませ温泉ペットと泊まれる宿
644,リブマックスリゾート城ヶ崎海岸 口コミ  静岡県 伊豆高原ペットと泊まれる宿
645,休暇村富士 口コミ  静岡県ペットと泊まれる宿
646,ニューはまぐち屋旅館 口コミ 三重県ペットと泊まれる宿
647,料理旅館 富士見園 口コミ 愛媛県今治市ペットと泊まれる宿
648,わんわんペンションちゃちゃ 口コミ 山梨県ペットと泊まれる宿
649,民宿えのぐ箱 口コミ 秋田県玉川温泉ペットと泊まれる宿
650,味覚の宿 定洋 口コミ 三重県鳥羽市ペットと泊まれる宿
651,ホテル長門はらだ 口コミ 山口県ペットと泊まれる宿
652,ヴィラオルティージャ 口コミ 兵庫県淡路島犬と泊まれるお宿
653,きぬ川国際ホテル 口コミ 栃木県日光市ペットと泊まれる宿
654,ロイヤルホテルみなみ 口コミ 北海道鹿部ペットと宿泊
655,ニューとみよし 口コミ 静岡県 熱海ペットと泊まれる宿
656,ペンションピクニック 口コミ 佐賀県ペットと泊まれる宿
657,SPICE MOTEL OKINAWA 口コミ 沖縄県ペットと泊まれる宿
658,&WAN 口コミ 九十九里千葉県ペットと泊まれる宿
659,ログハウス ロッキー 口コミ 三重県鳥羽ペットと泊まれる宿
660,リブマックスリゾート伊豆高原 口コミ 静岡県ペットと泊まれる宿
661,鳥羽わんわんパラダイスホテル 口コミ 三重県ペットと泊まれる宿
662,本家星野屋別館 口コミ 福島県ペットと泊まれる宿
663,みやじま庵廣島 口コミ 広島県宮島ペットと泊まれる宿
664,八ヶ岳わんわんパラダイス 口コミ 山梨県ペットと泊まれる宿
665,ソラホテル軽井沢 口コミ 長野県ペットと泊まれる宿
666,鹿の湯ホテル ぽちやど 口コミ 三重県ペットと泊まれる宿
667,the view 瀬戸内 口コミ 岡山県 遙照山犬と泊まれる宿
668,トゥラノ 口コミ 鶴雅レイク阿寒ロッジ 北海道ペットと泊まれる宿
669,プチコテージルート６６ニセコ 口コミ 北海道ペットと泊まれるお宿
670,料理旅館夕日ヶ浦 口コミ 京都府ペットと泊まれる宿
671,小田急箱根ハイランドホテル 口コミ 神奈川県ペットと泊まれる宿
672,ラビスタ霧島ヒルズ 口コミ 鹿児島県ペットと泊まれる宿
673,リブマックスリゾート京丹後シーフロント 口コミ 京都犬と泊まれる宿
674,菰隠温泉ホテル三洋倶楽部 口コミ 愛媛県ペットと泊まれる宿
675,ペット＆スパホテル伊豆高原 口コミ 静岡県ペットと泊まれる宿
676,ホテルアヴォンリー 口コミ 静岡県伊豆高原ペットと泊まれる宿
677,安曇野わんわんパラダイスJr 口コミ 長野県ペットと泊まれる宿
678,レイクビューTOYA 乃の風リゾート 口コミ 北海道 洞爺湖温泉ペットと泊まれる宿
679,ホテルエピナール那須 口コミ 栃木県ペットと泊まれる宿
680,東洋九十九ベイホテル 口コミ 長崎県ペットと泊まれる宿  「  」
681,リゾートホテル足摺テルメ 口コミ 高知県ペットと泊まれる宿
682,季の郷 山の湯 口コミ 大分県ペットと泊まれる宿
683,レジーナリゾート雲外荘 口コミ 神奈川県箱根ペットと泊まれる宿
684,山の宿 野中温泉 口コミ 北海道ペットと泊まれる宿
685,松風荘旅館 口コミ 鳥取県ペットと泊まれる宿
686,栂池ゲストハウスシャトレ山彦 口コミ 長野県ペットと泊まれる宿
687,レジーナリゾート旧軽井沢 長野県軽井沢ペットと泊まれる宿
688,リブマックスリゾート奥道後 愛媛県ペットと泊まれる宿
689,民宿白地荘 口コミ 四国徳島ペットと泊まれる宿
690,里のやど川尻 口コミ 京都天橋立ペットと泊まれる宿
691,網元旅館中平 口コミ 愛知県日間賀島ペットと泊まれる宿
692,フロントヤード 口コミ 千葉県館山市 ペットと泊まれる宿
693,阿賀のめぐみ望川閣 口コミ 新潟県花咲温泉ペットと泊まれる宿
694,吾妻荘  口コミ 山形県米沢市小野川温泉 犬と泊まれる宿
695,リブマックスリゾート桜島シーフロント 口コミ 鹿児島ペットと泊まれる宿
696,大江本家 口コミ 北海道 温根湯温泉 ペットと泊まれる宿
697,ななつぼし 口コミ 静岡県伊豆高原ペットと泊まれる
698,動物愛護団体の犬御殿 口コミ 和歌山県ペットと泊まれる宿
699,湯田中温泉島屋 口コミ 長野県信州ペットと泊まれる宿
700,ホテルアナガ 口コミ 淡路島ペットと泊まれる宿
701,奥志摩アクアフォレスト 口コミ 三重県ペットと泊まれる宿
702,マリテーム海幸園 口コミ 三重県ペットと泊まれる宿
703,石廊館 口コミ 静岡県 伊豆ペットと泊まれる宿
704,たんぽぽ 口コミ 宮城県ペットと泊まれる宿
705,コテージログハウス川湯 口コミ 北海道ペットと泊まれる宿
706,南阿波サンラインモビレージ 口コミ 四国 徳島ペットと泊まれる宿
707,民宿たかせ 口コミ 愛知県日間賀島ペットと泊まれる宿
708,鹿野山ビューホテル 口コミ 千葉県ペットと泊まれる宿
709,マウレ山荘 口コミ 北海道 ペットと泊まれる宿
710,ペンション&コテージ植物誌 口コミ 長野県北安曇郡ペットと泊まれる宿
711,パートナーズハウスゆあさ 口コミ 和歌山県湯浅町 ペットと泊まれる宿
712,ニュー扇屋 源泉湯庵 口コミ 福島県 ペットと泊まれる宿
713,日本色NIHON IRO 静岡県用宗ペットと泊まれる宿
714,わんこ家 竹亭 口コミ 岡山県  湯郷温泉ペットと泊まれる宿
715,白雲楼旅館 口コミ 長野県山之内 ペットと泊まれる宿
716,ホテルグリーンプラザ軽井沢 口コミ 長野県 ペットと泊まれる宿
717,旅籠 彩くら 口コミ 大分県ペットと泊まれる宿
718,館山M 口コミ 千葉県館山市 ペットと泊まれる宿
719,南伊豆ランドホピア 口コミ 静岡県ペットと泊まれる宿
720,リブマックスアムス・カンナリゾートヴィラ 口コミ 沖縄県ペットと宿泊
721,ペンションセミカ 口コミ 山梨県富士山中湖ペットと泊まれる宿
722,渚館 口コミ 静岡県熱海ペットと泊まれる宿
723,コートヤード・バイ・マリオット白馬 口コミ 長野県ペットと泊まれる宿
724,ペット＆スパホテル那須ワン 口コミ 栃木県那須ペットと泊まれる宿
725,彦根びわこホテル 口コミ 滋賀県彦根ペットと泊れる宿
726,Hotel KaZe DoG  南風楼 口コミ 長崎県 島原温泉 ペットと泊まれる宿
727,ホテル四季の館那須 口コミ 栃木県ペットと泊まれる宿　
728,あてま高原リゾートホテルベルナティオ 新潟県ペットと泊まれる宿
729,古屋旅館 口コミ 静岡県熱海温泉犬と泊まれるお宿
730,四季のかばん 口コミ 岡山県藤ヶ鳴別荘ペットと泊まれる宿
731,堂ヶ島ランドホピア 口コミ 静岡県ペットと泊まれる宿
732,海の音 口コミ 千葉県ペットと泊まれる宿　
733,ペンション・チロル 口コミ 長野須坂市ペットと泊まれる宿
734,田沢湖レイクリゾート 口コミ 秋田県天然温泉ペットと泊まれる宿
735,白浜荘 口コミ 福井県福井市ペットと泊まれる宿
736,梅園の里 口コミ 大分県ペットと泊まれる宿
737,第一滝本館 口コミ 北海道ペットと泊まれる温泉宿
738,夢想館 口コミ 石川県能登でペットと泊まれる宿
739,TANNPOPO 口コミ  静岡県富士須走御殿場ペットと泊まれる宿
740,ベイサイドテラス 口コミ 三重志摩ペットと泊まれる宿
741,ラ・モンターニュ・フルハタ 口コミ 長野・白馬ペットと泊まれる宿
742,フォレストインチップマンク 口コミ 山梨県ペットと泊まれるお宿
743,河鹿荘 口コミ 山形県 小野川温泉 ペットと泊まれる宿
744,民宿水分村 口コミ 大分県ペットと泊まれる温泉宿
745,ゆとりろ洞爺湖 口コミ 北海道ペットと泊まれる宿
746,白山苑 口コミ 石川県白峰温泉ペットと泊まれる宿
747,旅館 赤倉荘 口コミ 新潟県ペットと宿泊できる宿　
748,小さなペンションKEIKO 口コミ 千葉県館山市南房総ペットと泊まれる宿
749,ゆばらの宿米屋 口コミ 岡山県真庭市ペットと泊まれる宿
750,花の宿B＆B思いのまま 長野県蓼科でペットと泊まれる宿
751,Ｗａ！王国狗の郷 口コミ 熊本県花房台温泉ペットと泊まれる宿
752,ホテル ベルヴェデーレ 口コミ 和歌山県南紀すさみ温泉 ペットと宿泊
753,わん’ｓＬＡＮＤ三浦海岸 口コミ 神奈川県ペットと泊まれる宿
754,白浜オーシャンリゾート 口コミ 千葉県南房総市ペットと泊まれる宿
755,ニュー泊崎荘 口コミ 宮城県でペットと泊まれる宿
756,大政 口コミ 佐賀県で唯一ペットと一緒に宿泊できる宿
757,大政 口コミ活魚の宿あさしお 静岡県浜名湖ペットと泊まれる宿
758,ペンション自給自足 口コミ 京都ペットと泊まれる宿
759,不知火ホテル 口コミ 九州熊本県日奈久温泉ペットと泊まれる宿
760,紫明館 口コミ 群馬県湯檜曽温泉ペットと泊まれる宿
761,ペンションむってぃ 口コミ 岩手県安比高原でペットと泊まれる宿
762,熱海ビッグサークルペット館 口コミ 静岡県熱海でペットと泊まれる宿
763,Dog Cottage Hota Beach 口コミ 千葉県南房総ペットと泊まれる宿
764,ガーデン日和 口コミ 千葉県九十九里浜ペットと泊まれる宿　
765,別邸ふる川 口コミ 北海道 ペットと泊まれる宿 ハイクラスホテル
766,鬼石観光ホテル 口コミ 群馬県八塩温泉でペットと泊まれる宿
767,ちゃめごろう 口コミ 静岡県伊豆ペットと泊まれる宿
768,清里ペンションマッキントッシュ 口コミ 山梨県八ヶ岳でペットと泊まれる宿
769,虹の詩 口コミ 福島県耶麻郡でペットと泊まれる宿
770,わんこの宿ゆるり 口コミ 九州大分県別府ペットと泊まれる宿
771,福間館 口コミ 島根県でペットと泊まれる宿
772,料理旅館きぐすりや 口コミ 近畿京都ペットと宿泊できる宿
773,ピッコラルージュ 口コミ 中部静岡県伊豆でペットと泊まれる宿
774,井筒屋 ちりめん街道 口コミ  京都でペットと泊まれる宿
775,変なホテルラグーナテンボス 口コミ 愛知県でペットと泊まれる宿
776,ペンションＫＥＹＡＫＩ 口コミ 長野県穂高ペットと泊まれる宿
777,地酒の宿 中村屋 口コミ 群馬県でペットと泊まれるお宿　
778,大観荘 口コミ 石川県和倉温泉ペットと泊まれる宿
779,蓼科東急ホテル 口コミ 長野県茅野市蓼科温泉ペットと泊まれる宿　
780,檜扇荘 口コミ 三重県伊勢市でペットと泊まれる宿　
781,【廃業】櫟平ホテル（くぬぎだいらホテル）口コミ 愛犬と宿泊できるホテル　
782,カフーリゾートフチャクコンド・ホテル 口コミ 沖縄でペットと泊まれる宿
783,奥湯の郷 口コミ 大分県湯布院由布院温泉でペット（犬・ネコ）と泊まれる宿
784,美山FUTON＆Breakfast 口コミ 京都府南丹市美山町ペットと泊まれる宿
785,伏楽の館 口コミ 栃木県那須温泉でペットと泊まれる宿
786,料理旅館むらさわ 口コミ 長野県昼神温泉にあるペットと宿泊　
787,北天の丘 あばしり湖 鶴雅リゾート 口コミ 北海道でペットと泊まれる宿
788,平野屋 口コミ 愛知県蒲郡市三谷温泉でペットと泊まれる宿
789,Wan’s Resort（ワンズリゾート） 口コミ 山梨県山中湖でペットと泊まれる宿　
790,油山温泉元湯館 口コミ 静岡県静岡市でペットと泊まれる宿　
791,加賀観光ホテル 口コミ 石川県加賀市でペット(犬)と泊まれる宿
792,レジーナリゾート鴨川 口コミ 千葉県南房総でペットと泊まれる宿
793,ペンション白い仔馬 口コミ 山梨県の八ヶ岳小淵沢高原ペットと泊まれる宿
794,杖立温泉 葉隠館 口コミ 熊本県阿蘇でペットと泊まれる宿
795,有馬六彩ホテルハーヴェスト 口コミ 兵庫有馬温泉で犬・ネコと泊まれるホテル
796,早水荘 口コミ 鹿児島・伊佐市 湯之尾温泉でペットと泊まれる宿
797,佳松苑 口コミ 京都夕日ヶ浦温泉でペットと泊まれる宿
798,KIMOMONハウス 口コミ 沖縄ペットと泊まれるお宿は
799,御宿 小笠原 口コミ 九州熊本阿蘇温泉ペットと泊まれる宿
800,和のリゾートはづ 口コミ 愛知県蒲郡市ペットと泊まれる宿
801,中屋旅館 口コミ 長野県上田市霊泉寺温泉でペットと泊まれる宿　
802,清風荘 口コミ 千葉房総のペットと泊まれる宿
803,一壷天 口コミ 大分県 由布院温泉でペットと泊まれる宿
804,ゆきみそう 栃木県那須温泉でペットと泊まれる宿
805,湯乃宿 清盛 口コミ 栃木県日光市 湯西川温泉でペットと泊まれる宿
806,リフレッシュエッセンシャルリゾート 口コミ 長野県軽井沢でペットと泊まれる宿　
807,PFリゾート・ポルト 口コミ 千葉県 ペットと泊まれる宿
808,かわづの里 口コミ 静岡県伊豆半島の先端部でペットと泊まれる宿
809,Hotel Resta ( ホテルレスタ ) 口コミ 栃木県那須塩原でペットと泊まれる宿
810,十勝まきばの家 口コミ 北海道十勝牧場ガゼボでペットと泊まれる宿　
811,別邸石の家 口コミ 静岡県伊東市伊豆でペットと泊まれる宿　
812,さんわそう 口コミ 山梨県南アルプス市桃の木温泉でペットと泊まれる宿
813,ブランニューデイ brand new day 口コミ 静岡県伊東市伊豆高原でペットと泊まれる宿
814,愛犬の宿 ラブリーワンズ 口コミ 静岡県伊東市 大室高原でペットと泊まれる宿
815,京囲炉裏宿染 SEN 七条平安 口コミ 京都府でペットと泊まれる宿　
816,フォレストヒルズガーデン 口コミ 広島県でペットと泊まれる宿
817,はなれ山水 口コミ 滋賀県琵琶湖でペットと泊まれる宿 ヴィラ山水
818,そらの詩 口コミ 山梨県南アルプス市でペットと泊まれる宿
819,わん‘sLAND TATEYAMA 口コミ 千葉県館山市でペットと泊まれる宿　
820,レジーナリゾート軽井沢御影用水 口コミ 長野県軽井沢でペットと泊まれる宿　
821,ペットリゾートブレインズ 熊本県天草でペットと泊まれる宿口コミ
822,マリティーム 九州 長崎県でペットと泊まれる宿口コミ
823,あさゆまの木 千葉県南房総市でペットと泊まれる宿口コミ
824,愛犬お宿 静岡県伊豆高原でペットと泊まれるお宿口コミ
825,ホープロッヂ 乗馬牧場 手作りログハウス 長野県でペットと泊まれる宿口コミ
826,ウブドの森 静岡県伊豆高原でペット（犬）と泊まれる宿口コミ
827,むつみ庵■静岡県伊豆で大型犬もペットと泊まれる宿
828,ロッジきよかわ 大分県 里の旅リゾート ペットと泊まれる宿口コミ
829,三浦海岸ARENA 神奈川県でペットと泊まれる宿口コミ
